Workbook

Sheet Aliquota 1,54%
D1: Chave | E1: UF | F1: Nº NF-e | G1: Fornecedor | H1: CNPJ | I1: Produto | J1: NCM | K1: CFOP | L1: CST | M1: FRETE | N1: DESPESAS | O1: IPI | P1: Vl. Produto | Q1: Quant. | R1: Aliq.% | S1: ICMS ST a Recolher | U1: =SUBTOTAL(109,Tabela2[ICMS ST a Recolher]) -> 0
R2: 0.0154 | S2: =(Tabela2[[#This Row],[FRETE]]+Tabela2[[#This Row],[DESPESAS]]+Tabela2[[#This Row],[IPI]]+Tabela2[[#This Row],[Vl. Produto]])*Tabela2[[#This Row],[Aliq.%]] -> 0
R3: 0.0154 | S3: =(Tabela2[[#This Row],[FRETE]]+Tabela2[[#This Row],[DESPESAS]]+Tabela2[[#This Row],[IPI]]+Tabela2[[#This Row],[Vl. Produto]])*Tabela2[[#This Row],[Aliq.%]] -> 0
R4: 0.0154 | S4: =(Tabela2[[#This Row],[FRETE]]+Tabela2[[#This Row],[DESPESAS]]+Tabela2[[#This Row],[IPI]]+Tabela2[[#This Row],[Vl. Produto]])*Tabela2[[#This Row],[Aliq.%]] -> 0
R5: 0.0154 | S5: =(Tabela2[[#This Row],[FRETE]]+Tabela2[[#This Row],[DESPESAS]]+Tabela2[[#This Row],[IPI]]+Tabela2[[#This Row],[Vl. Produto]])*Tabela2[[#This Row],[Aliq.%]] -> 0
R6: 0.0154 | S6: =(Tabela2[[#This Row],[FRETE]]+Tabela2[[#This Row],[DESPESAS]]+Tabela2[[#This Row],[IPI]]+Tabela2[[#This Row],[Vl. Produto]])*Tabela2[[#This Row],[Aliq.%]] -> 0
R7: 0.0154 | S7: =(Tabela2[[#This Row],[FRETE]]+Tabela2[[#This Row],[DESPESAS]]+Tabela2[[#This Row],[IPI]]+Tabela2[[#This Row],[Vl. Produto]])*Tabela2[[#This Row],[Aliq.%]] -> 0
R8: 0.0154 | S8: =(Tabela2[[#This Row],[FRETE]]+Tabela2[[#This Row],[DESPESAS]]+Tabela2[[#This Row],[IPI]]+Tabela2[[#This Row],[Vl. Produto]])*Tabela2[[#This Row],[Aliq.%]] -> 0
B9: Aliquota 1,54% | R9: 0.0154 | S9: =(Tabela2[[#This Row],[FRETE]]+Tabela2[[#This Row],[DESPESAS]]+Tabela2[[#This Row],[IPI]]+Tabela2[[#This Row],[Vl. Produto]])*Tabela2[[#This Row],[Aliq.%]] -> 0
R10: 0.0154 | S10: =(Tabela2[[#This Row],[FRETE]]+Tabela2[[#This Row],[DESPESAS]]+Tabela2[[#This Row],[IPI]]+Tabela2[[#This Row],[Vl. Produto]])*Tabela2[[#This Row],[Aliq.%]] -> 0
R11: 0.0154 | S11: =(Tabela2[[#This Row],[FRETE]]+Tabela2[[#This Row],[DESPESAS]]+Tabela2[[#This Row],[IPI]]+Tabela2[[#This Row],[Vl. Produto]])*Tabela2[[#This Row],[Aliq.%]] -> 0
R12: 0.0154 | S12: =(Tabela2[[#This Row],[FRETE]]+Tabela2[[#This Row],[DESPESAS]]+Tabela2[[#This Row],[IPI]]+Tabela2[[#This Row],[Vl. Produto]])*Tabela2[[#This Row],[Aliq.%]] -> 0
R13: 0.0154 | S13: =(Tabela2[[#This Row],[FRETE]]+Tabela2[[#This Row],[DESPESAS]]+Tabela2[[#This Row],[IPI]]+Tabela2[[#This Row],[Vl. Produto]])*Tabela2[[#This Row],[Aliq.%]] -> 0
R14: 0.0154 | S14: =(Tabela2[[#This Row],[FRETE]]+Tabela2[[#This Row],[DESPESAS]]+Tabela2[[#This Row],[IPI]]+Tabela2[[#This Row],[Vl. Produto]])*Tabela2[[#This Row],[Aliq.%]] -> 0
R15: 0.0154 | S15: =(Tabela2[[#This Row],[FRETE]]+Tabela2[[#This Row],[DESPESAS]]+Tabela2[[#This Row],[IPI]]+Tabela2[[#This Row],[Vl. Produto]])*Tabela2[[#This Row],[Aliq.%]] -> 0
R16: 0.0154 | S16: =(Tabela2[[#This Row],[FRETE]]+Tabela2[[#This Row],[DESPESAS]]+Tabela2[[#This Row],[IPI]]+Tabela2[[#This Row],[Vl. Produto]])*Tabela2[[#This Row],[Aliq.%]] -> 0
R17: 0.0154 | S17: =(Tabela2[[#This Row],[FRETE]]+Tabela2[[#This Row],[DESPESAS]]+Tabela2[[#This Row],[IPI]]+Tabela2[[#This Row],[Vl. Produto]])*Tabela2[[#This Row],[Aliq.%]] -> 0
R18: 0.0154 | S18: =(Tabela2[[#This Row],[FRETE]]+Tabela2[[#This Row],[DESPESAS]]+Tabela2[[#This Row],[IPI]]+Tabela2[[#This Row],[Vl. Produto]])*Tabela2[[#This Row],[Aliq.%]] -> 0
R19: 0.0154 | S19: =(Tabela2[[#This Row],[FRETE]]+Tabela2[[#This Row],[DESPESAS]]+Tabela2[[#This Row],[IPI]]+Tabela2[[#This Row],[Vl. Produto]])*Tabela2[[#This Row],[Aliq.%]] -> 0
R20: 0.0154 | S20: =(Tabela2[[#This Row],[FRETE]]+Tabela2[[#This Row],[DESPESAS]]+Tabela2[[#This Row],[IPI]]+Tabela2[[#This Row],[Vl. Produto]])*Tabela2[[#This Row],[Aliq.%]] -> 0
R21: 0.0154 | S21: =(Tabela2[[#This Row],[FRETE]]+Tabela2[[#This Row],[DESPESAS]]+Tabela2[[#This Row],[IPI]]+Tabela2[[#This Row],[Vl. Produto]])*Tabela2[[#This Row],[Aliq.%]] -> 0
... R1000: 0.0154 | S1000: =(Tabela2[[#This Row],[FRETE]]+Tabela2[[#This Row],[DESPESAS]]+Tabela2[[#This Row],[IPI]]+Tabela2[[#This Row],[Vl. Produto]])*Tabela2[[#This Row],[Aliq.%]] -> 0

Sheet Aliquota 1,54% FRI
D1: Chave | E1: UF | F1: Nº NF-e | G1: Fornecedor | H1: CNPJ | I1: Produto | J1: NCM | K1: CFOP | L1: CST | M1: FRETE | N1: DESPESAS | O1: IPI | P1: Vl. Produto | Q1: Quant. | R1: Aliq.% | S1: ICMS ST a Recolher | U1: =SUBTOTAL(109,Tabela25[ICMS ST a Recolher]) -> 0 | V1: =SUBTOTAL(109,Q:Q) -> 0
R2: 0.0154 | S2: =(Tabela25[[#This Row],[FRETE]]+Tabela25[[#This Row],[DESPESAS]]+Tabela25[[#This Row],[IPI]]+Tabela25[[#This Row],[Vl. Produto]])*Tabela25[[#This Row],[Aliq.%]] -> 0
R3: 0.0154 | S3: =(Tabela25[[#This Row],[FRETE]]+Tabela25[[#This Row],[DESPESAS]]+Tabela25[[#This Row],[IPI]]+Tabela25[[#This Row],[Vl. Produto]])*Tabela25[[#This Row],[Aliq.%]] -> 0
R4: 0.0154 | S4: =(Tabela25[[#This Row],[FRETE]]+Tabela25[[#This Row],[DESPESAS]]+Tabela25[[#This Row],[IPI]]+Tabela25[[#This Row],[Vl. Produto]])*Tabela25[[#This Row],[Aliq.%]] -> 0
R5: 0.0154 | S5: =(Tabela25[[#This Row],[FRETE]]+Tabela25[[#This Row],[DESPESAS]]+Tabela25[[#This Row],[IPI]]+Tabela25[[#This Row],[Vl. Produto]])*Tabela25[[#This Row],[Aliq.%]] -> 0
R6: 0.0154 | S6: =(Tabela25[[#This Row],[FRETE]]+Tabela25[[#This Row],[DESPESAS]]+Tabela25[[#This Row],[IPI]]+Tabela25[[#This Row],[Vl. Produto]])*Tabela25[[#This Row],[Aliq.%]] -> 0
R7: 0.0154 | S7: =(Tabela25[[#This Row],[FRETE]]+Tabela25[[#This Row],[DESPESAS]]+Tabela25[[#This Row],[IPI]]+Tabela25[[#This Row],[Vl. Produto]])*Tabela25[[#This Row],[Aliq.%]] -> 0
R8: 0.0154 | S8: =(Tabela25[[#This Row],[FRETE]]+Tabela25[[#This Row],[DESPESAS]]+Tabela25[[#This Row],[IPI]]+Tabela25[[#This Row],[Vl. Produto]])*Tabela25[[#This Row],[Aliq.%]] -> 0
B9: Aliquota 1,54% | R9: 0.0154 | S9: =(Tabela25[[#This Row],[FRETE]]+Tabela25[[#This Row],[DESPESAS]]+Tabela25[[#This Row],[IPI]]+Tabela25[[#This Row],[Vl. Produto]])*Tabela25[[#This Row],[Aliq.%]] -> 0
R10: 0.0154 | S10: =(Tabela25[[#This Row],[FRETE]]+Tabela25[[#This Row],[DESPESAS]]+Tabela25[[#This Row],[IPI]]+Tabela25[[#This Row],[Vl. Produto]])*Tabela25[[#This Row],[Aliq.%]] -> 0
R11: 0.0154 | S11: =(Tabela25[[#This Row],[FRETE]]+Tabela25[[#This Row],[DESPESAS]]+Tabela25[[#This Row],[IPI]]+Tabela25[[#This Row],[Vl. Produto]])*Tabela25[[#This Row],[Aliq.%]] -> 0
R12: 0.0154 | S12: =(Tabela25[[#This Row],[FRETE]]+Tabela25[[#This Row],[DESPESAS]]+Tabela25[[#This Row],[IPI]]+Tabela25[[#This Row],[Vl. Produto]])*Tabela25[[#This Row],[Aliq.%]] -> 0
R13: 0.0154 | S13: =(Tabela25[[#This Row],[FRETE]]+Tabela25[[#This Row],[DESPESAS]]+Tabela25[[#This Row],[IPI]]+Tabela25[[#This Row],[Vl. Produto]])*Tabela25[[#This Row],[Aliq.%]] -> 0
R14: 0.0154 | S14: =(Tabela25[[#This Row],[FRETE]]+Tabela25[[#This Row],[DESPESAS]]+Tabela25[[#This Row],[IPI]]+Tabela25[[#This Row],[Vl. Produto]])*Tabela25[[#This Row],[Aliq.%]] -> 0
R15: 0.0154 | S15: =(Tabela25[[#This Row],[FRETE]]+Tabela25[[#This Row],[DESPESAS]]+Tabela25[[#This Row],[IPI]]+Tabela25[[#This Row],[Vl. Produto]])*Tabela25[[#This Row],[Aliq.%]] -> 0
R16: 0.0154 | S16: =(Tabela25[[#This Row],[FRETE]]+Tabela25[[#This Row],[DESPESAS]]+Tabela25[[#This Row],[IPI]]+Tabela25[[#This Row],[Vl. Produto]])*Tabela25[[#This Row],[Aliq.%]] -> 0
R17: 0.0154 | S17: =(Tabela25[[#This Row],[FRETE]]+Tabela25[[#This Row],[DESPESAS]]+Tabela25[[#This Row],[IPI]]+Tabela25[[#This Row],[Vl. Produto]])*Tabela25[[#This Row],[Aliq.%]] -> 0
R18: 0.0154 | S18: =(Tabela25[[#This Row],[FRETE]]+Tabela25[[#This Row],[DESPESAS]]+Tabela25[[#This Row],[IPI]]+Tabela25[[#This Row],[Vl. Produto]])*Tabela25[[#This Row],[Aliq.%]] -> 0
R19: 0.0154 | S19: =(Tabela25[[#This Row],[FRETE]]+Tabela25[[#This Row],[DESPESAS]]+Tabela25[[#This Row],[IPI]]+Tabela25[[#This Row],[Vl. Produto]])*Tabela25[[#This Row],[Aliq.%]] -> 0
R20: 0.0154 | S20: =(Tabela25[[#This Row],[FRETE]]+Tabela25[[#This Row],[DESPESAS]]+Tabela25[[#This Row],[IPI]]+Tabela25[[#This Row],[Vl. Produto]])*Tabela25[[#This Row],[Aliq.%]] -> 0
R21: 0.0154 | S21: =(Tabela25[[#This Row],[FRETE]]+Tabela25[[#This Row],[DESPESAS]]+Tabela25[[#This Row],[IPI]]+Tabela25[[#This Row],[Vl. Produto]])*Tabela25[[#This Row],[Aliq.%]] -> 0
... R1000: 0.0154 | S1000: =(Tabela25[[#This Row],[FRETE]]+Tabela25[[#This Row],[DESPESAS]]+Tabela25[[#This Row],[IPI]]+Tabela25[[#This Row],[Vl. Produto]])*Tabela25[[#This Row],[Aliq.%]] -> 0

Sheet Aliquota 4%
D1: Chave | E1: UF | F1: Nº NF-e | G1: Fornecedor | H1: CNPJ | I1: Produto | J1: NCM | K1: CFOP | L1: CST | M1: FRETE | N1: DESPESAS | O1: IPI | P1: Vl. Produto | Q1: Quant. | R1: Aliq.% | S1: ICMS ST a Recolher | U1: =SUBTOTAL(109,Tabela22[ICMS ST a Recolher]) -> 0
R2: 0.04 | S2: =(Tabela22[[#This Row],[FRETE]]+Tabela22[[#This Row],[DESPESAS]]+Tabela22[[#This Row],[IPI]]+Tabela22[[#This Row],[Vl. Produto]])*Tabela22[[#This Row],[Aliq.%]] -> 0
R3: 0.04 | S3: =(Tabela22[[#This Row],[FRETE]]+Tabela22[[#This Row],[DESPESAS]]+Tabela22[[#This Row],[IPI]]+Tabela22[[#This Row],[Vl. Produto]])*Tabela22[[#This Row],[Aliq.%]] -> 0
R4: 0.04 | S4: =(Tabela22[[#This Row],[FRETE]]+Tabela22[[#This Row],[DESPESAS]]+Tabela22[[#This Row],[IPI]]+Tabela22[[#This Row],[Vl. Produto]])*Tabela22[[#This Row],[Aliq.%]] -> 0
R5: 0.04 | S5: =(Tabela22[[#This Row],[FRETE]]+Tabela22[[#This Row],[DESPESAS]]+Tabela22[[#This Row],[IPI]]+Tabela22[[#This Row],[Vl. Produto]])*Tabela22[[#This Row],[Aliq.%]] -> 0
R6: 0.04 | S6: =(Tabela22[[#This Row],[FRETE]]+Tabela22[[#This Row],[DESPESAS]]+Tabela22[[#This Row],[IPI]]+Tabela22[[#This Row],[Vl. Produto]])*Tabela22[[#This Row],[Aliq.%]] -> 0
R7: 0.04 | S7: =(Tabela22[[#This Row],[FRETE]]+Tabela22[[#This Row],[DESPESAS]]+Tabela22[[#This Row],[IPI]]+Tabela22[[#This Row],[Vl. Produto]])*Tabela22[[#This Row],[Aliq.%]] -> 0
R8: 0.04 | S8: =(Tabela22[[#This Row],[FRETE]]+Tabela22[[#This Row],[DESPESAS]]+Tabela22[[#This Row],[IPI]]+Tabela22[[#This Row],[Vl. Produto]])*Tabela22[[#This Row],[Aliq.%]] -> 0
B9: Aliquota 4% | R9: 0.04 | S9: =(Tabela22[[#This Row],[FRETE]]+Tabela22[[#This Row],[DESPESAS]]+Tabela22[[#This Row],[IPI]]+Tabela22[[#This Row],[Vl. Produto]])*Tabela22[[#This Row],[Aliq.%]] -> 0
R10: 0.04 | S10: =(Tabela22[[#This Row],[FRETE]]+Tabela22[[#This Row],[DESPESAS]]+Tabela22[[#This Row],[IPI]]+Tabela22[[#This Row],[Vl. Produto]])*Tabela22[[#This Row],[Aliq.%]] -> 0
R11: 0.04 | S11: =(Tabela22[[#This Row],[FRETE]]+Tabela22[[#This Row],[DESPESAS]]+Tabela22[[#This Row],[IPI]]+Tabela22[[#This Row],[Vl. Produto]])*Tabela22[[#This Row],[Aliq.%]] -> 0
R12: 0.04 | S12: =(Tabela22[[#This Row],[FRETE]]+Tabela22[[#This Row],[DESPESAS]]+Tabela22[[#This Row],[IPI]]+Tabela22[[#This Row],[Vl. Produto]])*Tabela22[[#This Row],[Aliq.%]] -> 0
R13: 0.04 | S13: =(Tabela22[[#This Row],[FRETE]]+Tabela22[[#This Row],[DESPESAS]]+Tabela22[[#This Row],[IPI]]+Tabela22[[#This Row],[Vl. Produto]])*Tabela22[[#This Row],[Aliq.%]] -> 0
R14: 0.04 | S14: =(Tabela22[[#This Row],[FRETE]]+Tabela22[[#This Row],[DESPESAS]]+Tabela22[[#This Row],[IPI]]+Tabela22[[#This Row],[Vl. Produto]])*Tabela22[[#This Row],[Aliq.%]] -> 0
R15: 0.04 | S15: =(Tabela22[[#This Row],[FRETE]]+Tabela22[[#This Row],[DESPESAS]]+Tabela22[[#This Row],[IPI]]+Tabela22[[#This Row],[Vl. Produto]])*Tabela22[[#This Row],[Aliq.%]] -> 0
R16: 0.04 | S16: =(Tabela22[[#This Row],[FRETE]]+Tabela22[[#This Row],[DESPESAS]]+Tabela22[[#This Row],[IPI]]+Tabela22[[#This Row],[Vl. Produto]])*Tabela22[[#This Row],[Aliq.%]] -> 0
R17: 0.04 | S17: =(Tabela22[[#This Row],[FRETE]]+Tabela22[[#This Row],[DESPESAS]]+Tabela22[[#This Row],[IPI]]+Tabela22[[#This Row],[Vl. Produto]])*Tabela22[[#This Row],[Aliq.%]] -> 0
R18: 0.04 | S18: =(Tabela22[[#This Row],[FRETE]]+Tabela22[[#This Row],[DESPESAS]]+Tabela22[[#This Row],[IPI]]+Tabela22[[#This Row],[Vl. Produto]])*Tabela22[[#This Row],[Aliq.%]] -> 0
R19: 0.04 | S19: =(Tabela22[[#This Row],[FRETE]]+Tabela22[[#This Row],[DESPESAS]]+Tabela22[[#This Row],[IPI]]+Tabela22[[#This Row],[Vl. Produto]])*Tabela22[[#This Row],[Aliq.%]] -> 0
R20: 0.04 | S20: =(Tabela22[[#This Row],[FRETE]]+Tabela22[[#This Row],[DESPESAS]]+Tabela22[[#This Row],[IPI]]+Tabela22[[#This Row],[Vl. Produto]])*Tabela22[[#This Row],[Aliq.%]] -> 0
R21: 0.04 | S21: =(Tabela22[[#This Row],[FRETE]]+Tabela22[[#This Row],[DESPESAS]]+Tabela22[[#This Row],[IPI]]+Tabela22[[#This Row],[Vl. Produto]])*Tabela22[[#This Row],[Aliq.%]] -> 0
... R1000: 0.04 | S1000: =(Tabela22[[#This Row],[FRETE]]+Tabela22[[#This Row],[DESPESAS]]+Tabela22[[#This Row],[IPI]]+Tabela22[[#This Row],[Vl. Produto]])*Tabela22[[#This Row],[Aliq.%]] -> 0

Sheet Aliquota 7%
D1: Chave | E1: UF | F1: Nº NF-e | G1: Fornecedor | H1: CNPJ | I1: Produto | J1: NCM | K1: CFOP | L1: CST | M1: FRETE | N1: DESPESAS | O1: IPI | P1: Vl. Produto | Q1: Quant. | R1: Aliq.% | S1: ICMS ST a Recolher | U1: =SUBTOTAL(109,Tabela224[ICMS ST a Recolher]) -> 0
R2: 0.07 | S2: =(Tabela224[[#This Row],[FRETE]]+Tabela224[[#This Row],[DESPESAS]]+Tabela224[[#This Row],[IPI]]+Tabela224[[#This Row],[Vl. Produto]])*Tabela224[[#This Row],[Aliq.%]] -> 0
R3: 0.07 | S3: =(Tabela224[[#This Row],[FRETE]]+Tabela224[[#This Row],[DESPESAS]]+Tabela224[[#This Row],[IPI]]+Tabela224[[#This Row],[Vl. Produto]])*Tabela224[[#This Row],[Aliq.%]] -> 0
R4: 0.07 | S4: =(Tabela224[[#This Row],[FRETE]]+Tabela224[[#This Row],[DESPESAS]]+Tabela224[[#This Row],[IPI]]+Tabela224[[#This Row],[Vl. Produto]])*Tabela224[[#This Row],[Aliq.%]] -> 0
R5: 0.07 | S5: =(Tabela224[[#This Row],[FRETE]]+Tabela224[[#This Row],[DESPESAS]]+Tabela224[[#This Row],[IPI]]+Tabela224[[#This Row],[Vl. Produto]])*Tabela224[[#This Row],[Aliq.%]] -> 0
R6: 0.07 | S6: =(Tabela224[[#This Row],[FRETE]]+Tabela224[[#This Row],[DESPESAS]]+Tabela224[[#This Row],[IPI]]+Tabela224[[#This Row],[Vl. Produto]])*Tabela224[[#This Row],[Aliq.%]] -> 0
R7: 0.07 | S7: =(Tabela224[[#This Row],[FRETE]]+Tabela224[[#This Row],[DESPESAS]]+Tabela224[[#This Row],[IPI]]+Tabela224[[#This Row],[Vl. Produto]])*Tabela224[[#This Row],[Aliq.%]] -> 0
R8: 0.07 | S8: =(Tabela224[[#This Row],[FRETE]]+Tabela224[[#This Row],[DESPESAS]]+Tabela224[[#This Row],[IPI]]+Tabela224[[#This Row],[Vl. Produto]])*Tabela224[[#This Row],[Aliq.%]] -> 0
B9: Aliquota 7% | R9: 0.07 | S9: =(Tabela224[[#This Row],[FRETE]]+Tabela224[[#This Row],[DESPESAS]]+Tabela224[[#This Row],[IPI]]+Tabela224[[#This Row],[Vl. Produto]])*Tabela224[[#This Row],[Aliq.%]] -> 0
R10: 0.07 | S10: =(Tabela224[[#This Row],[FRETE]]+Tabela224[[#This Row],[DESPESAS]]+Tabela224[[#This Row],[IPI]]+Tabela224[[#This Row],[Vl. Produto]])*Tabela224[[#This Row],[Aliq.%]] -> 0
R11: 0.07 | S11: =(Tabela224[[#This Row],[FRETE]]+Tabela224[[#This Row],[DESPESAS]]+Tabela224[[#This Row],[IPI]]+Tabela224[[#This Row],[Vl. Produto]])*Tabela224[[#This Row],[Aliq.%]] -> 0
R12: 0.07 | S12: =(Tabela224[[#This Row],[FRETE]]+Tabela224[[#This Row],[DESPESAS]]+Tabela224[[#This Row],[IPI]]+Tabela224[[#This Row],[Vl. Produto]])*Tabela224[[#This Row],[Aliq.%]] -> 0
R13: 0.07 | S13: =(Tabela224[[#This Row],[FRETE]]+Tabela224[[#This Row],[DESPESAS]]+Tabela224[[#This Row],[IPI]]+Tabela224[[#This Row],[Vl. Produto]])*Tabela224[[#This Row],[Aliq.%]] -> 0
R14: 0.07 | S14: =(Tabela224[[#This Row],[FRETE]]+Tabela224[[#This Row],[DESPESAS]]+Tabela224[[#This Row],[IPI]]+Tabela224[[#This Row],[Vl. Produto]])*Tabela224[[#This Row],[Aliq.%]] -> 0
R15: 0.07 | S15: =(Tabela224[[#This Row],[FRETE]]+Tabela224[[#This Row],[DESPESAS]]+Tabela224[[#This Row],[IPI]]+Tabela224[[#This Row],[Vl. Produto]])*Tabela224[[#This Row],[Aliq.%]] -> 0
R16: 0.07 | S16: =(Tabela224[[#This Row],[FRETE]]+Tabela224[[#This Row],[DESPESAS]]+Tabela224[[#This Row],[IPI]]+Tabela224[[#This Row],[Vl. Produto]])*Tabela224[[#This Row],[Aliq.%]] -> 0
R17: 0.07 | S17: =(Tabela224[[#This Row],[FRETE]]+Tabela224[[#This Row],[DESPESAS]]+Tabela224[[#This Row],[IPI]]+Tabela224[[#This Row],[Vl. Produto]])*Tabela224[[#This Row],[Aliq.%]] -> 0
R18: 0.07 | S18: =(Tabela224[[#This Row],[FRETE]]+Tabela224[[#This Row],[DESPESAS]]+Tabela224[[#This Row],[IPI]]+Tabela224[[#This Row],[Vl. Produto]])*Tabela224[[#This Row],[Aliq.%]] -> 0
R19: 0.07 | S19: =(Tabela224[[#This Row],[FRETE]]+Tabela224[[#This Row],[DESPESAS]]+Tabela224[[#This Row],[IPI]]+Tabela224[[#This Row],[Vl. Produto]])*Tabela224[[#This Row],[Aliq.%]] -> 0
R20: 0.07 | S20: =(Tabela224[[#This Row],[FRETE]]+Tabela224[[#This Row],[DESPESAS]]+Tabela224[[#This Row],[IPI]]+Tabela224[[#This Row],[Vl. Produto]])*Tabela224[[#This Row],[Aliq.%]] -> 0
R21: 0.07 | S21: =(Tabela224[[#This Row],[FRETE]]+Tabela224[[#This Row],[DESPESAS]]+Tabela224[[#This Row],[IPI]]+Tabela224[[#This Row],[Vl. Produto]])*Tabela224[[#This Row],[Aliq.%]] -> 0
... R1000: 0.07 | S1000: =(Tabela224[[#This Row],[FRETE]]+Tabela224[[#This Row],[DESPESAS]]+Tabela224[[#This Row],[IPI]]+Tabela224[[#This Row],[Vl. Produto]])*Tabela224[[#This Row],[Aliq.%]] -> 0

Sheet Aliquota 7% FRI
D1: Chave | E1: UF | F1: Nº NF-e | G1: Fornecedor | H1: CNPJ | I1: Produto | J1: NCM | K1: CFOP | L1: CST | M1: FRETE | N1: DESPESAS | O1: IPI | P1: Vl. Produto | Q1: Quant. | R1: Aliq.% | S1: ICMS ST a Recolher | U1: =SUBTOTAL(109,Tabela2246[ICMS ST a Recolher]) -> 0 | V1: =SUBTOTAL(109,Q:Q) -> 0
R2: 0.07 | S2: =(Tabela2246[[#This Row],[FRETE]]+Tabela2246[[#This Row],[DESPESAS]]+Tabela2246[[#This Row],[IPI]]+Tabela2246[[#This Row],[Vl. Produto]])*Tabela2246[[#This Row],[Aliq.%]] -> 0
R3: 0.07 | S3: =(Tabela2246[[#This Row],[FRETE]]+Tabela2246[[#This Row],[DESPESAS]]+Tabela2246[[#This Row],[IPI]]+Tabela2246[[#This Row],[Vl. Produto]])*Tabela2246[[#This Row],[Aliq.%]] -> 0
R4: 0.07 | S4: =(Tabela2246[[#This Row],[FRETE]]+Tabela2246[[#This Row],[DESPESAS]]+Tabela2246[[#This Row],[IPI]]+Tabela2246[[#This Row],[Vl. Produto]])*Tabela2246[[#This Row],[Aliq.%]] -> 0
R5: 0.07 | S5: =(Tabela2246[[#This Row],[FRETE]]+Tabela2246[[#This Row],[DESPESAS]]+Tabela2246[[#This Row],[IPI]]+Tabela2246[[#This Row],[Vl. Produto]])*Tabela2246[[#This Row],[Aliq.%]] -> 0
R6: 0.07 | S6: =(Tabela2246[[#This Row],[FRETE]]+Tabela2246[[#This Row],[DESPESAS]]+Tabela2246[[#This Row],[IPI]]+Tabela2246[[#This Row],[Vl. Produto]])*Tabela2246[[#This Row],[Aliq.%]] -> 0
R7: 0.07 | S7: =(Tabela2246[[#This Row],[FRETE]]+Tabela2246[[#This Row],[DESPESAS]]+Tabela2246[[#This Row],[IPI]]+Tabela2246[[#This Row],[Vl. Produto]])*Tabela2246[[#This Row],[Aliq.%]] -> 0
R8: 0.07 | S8: =(Tabela2246[[#This Row],[FRETE]]+Tabela2246[[#This Row],[DESPESAS]]+Tabela2246[[#This Row],[IPI]]+Tabela2246[[#This Row],[Vl. Produto]])*Tabela2246[[#This Row],[Aliq.%]] -> 0
B9: Aliquota 7% | R9: 0.07 | S9: =(Tabela2246[[#This Row],[FRETE]]+Tabela2246[[#This Row],[DESPESAS]]+Tabela2246[[#This Row],[IPI]]+Tabela2246[[#This Row],[Vl. Produto]])*Tabela2246[[#This Row],[Aliq.%]] -> 0
R10: 0.07 | S10: =(Tabela2246[[#This Row],[FRETE]]+Tabela2246[[#This Row],[DESPESAS]]+Tabela2246[[#This Row],[IPI]]+Tabela2246[[#This Row],[Vl. Produto]])*Tabela2246[[#This Row],[Aliq.%]] -> 0
R11: 0.07 | S11: =(Tabela2246[[#This Row],[FRETE]]+Tabela2246[[#This Row],[DESPESAS]]+Tabela2246[[#This Row],[IPI]]+Tabela2246[[#This Row],[Vl. Produto]])*Tabela2246[[#This Row],[Aliq.%]] -> 0
R12: 0.07 | S12: =(Tabela2246[[#This Row],[FRETE]]+Tabela2246[[#This Row],[DESPESAS]]+Tabela2246[[#This Row],[IPI]]+Tabela2246[[#This Row],[Vl. Produto]])*Tabela2246[[#This Row],[Aliq.%]] -> 0
R13: 0.07 | S13: =(Tabela2246[[#This Row],[FRETE]]+Tabela2246[[#This Row],[DESPESAS]]+Tabela2246[[#This Row],[IPI]]+Tabela2246[[#This Row],[Vl. Produto]])*Tabela2246[[#This Row],[Aliq.%]] -> 0
R14: 0.07 | S14: =(Tabela2246[[#This Row],[FRETE]]+Tabela2246[[#This Row],[DESPESAS]]+Tabela2246[[#This Row],[IPI]]+Tabela2246[[#This Row],[Vl. Produto]])*Tabela2246[[#This Row],[Aliq.%]] -> 0
R15: 0.07 | S15: =(Tabela2246[[#This Row],[FRETE]]+Tabela2246[[#This Row],[DESPESAS]]+Tabela2246[[#This Row],[IPI]]+Tabela2246[[#This Row],[Vl. Produto]])*Tabela2246[[#This Row],[Aliq.%]] -> 0
R16: 0.07 | S16: =(Tabela2246[[#This Row],[FRETE]]+Tabela2246[[#This Row],[DESPESAS]]+Tabela2246[[#This Row],[IPI]]+Tabela2246[[#This Row],[Vl. Produto]])*Tabela2246[[#This Row],[Aliq.%]] -> 0
R17: 0.07 | S17: =(Tabela2246[[#This Row],[FRETE]]+Tabela2246[[#This Row],[DESPESAS]]+Tabela2246[[#This Row],[IPI]]+Tabela2246[[#This Row],[Vl. Produto]])*Tabela2246[[#This Row],[Aliq.%]] -> 0
R18: 0.07 | S18: =(Tabela2246[[#This Row],[FRETE]]+Tabela2246[[#This Row],[DESPESAS]]+Tabela2246[[#This Row],[IPI]]+Tabela2246[[#This Row],[Vl. Produto]])*Tabela2246[[#This Row],[Aliq.%]] -> 0
R19: 0.07 | S19: =(Tabela2246[[#This Row],[FRETE]]+Tabela2246[[#This Row],[DESPESAS]]+Tabela2246[[#This Row],[IPI]]+Tabela2246[[#This Row],[Vl. Produto]])*Tabela2246[[#This Row],[Aliq.%]] -> 0
R20: 0.07 | S20: =(Tabela2246[[#This Row],[FRETE]]+Tabela2246[[#This Row],[DESPESAS]]+Tabela2246[[#This Row],[IPI]]+Tabela2246[[#This Row],[Vl. Produto]])*Tabela2246[[#This Row],[Aliq.%]] -> 0
R21: 0.07 | S21: =(Tabela2246[[#This Row],[FRETE]]+Tabela2246[[#This Row],[DESPESAS]]+Tabela2246[[#This Row],[IPI]]+Tabela2246[[#This Row],[Vl. Produto]])*Tabela2246[[#This Row],[Aliq.%]] -> 0
... R1000: 0.07 | S1000: =(Tabela2246[[#This Row],[FRETE]]+Tabela2246[[#This Row],[DESPESAS]]+Tabela2246[[#This Row],[IPI]]+Tabela2246[[#This Row],[Vl. Produto]])*Tabela2246[[#This Row],[Aliq.%]] -> 0

Sheet ICMS ST 1104
B3: Razão Social: | C3: Razão Social
B5: Mês: | C5: Mês-ano
B7: Aliq.% | D7: Vl Icms St 1104
B8: 0.0154 | D8: ='Aliquota 1,54%'!U1 -> 0
B9: 0.04 | D9: ='Aliquota 4%'!U1 -> 0
B10: 0.07 | D10: ='Aliquota 7%'!U1 -> 0
B12: Basic. ICMS ST | C12: Vl R$ | D12: Vl Icms St 1104
B13: 0 | C13: 61.11 | D13: =B13*C13 -> 0
B14: ='Aliquota 1,54% FRI'!V1 -> 0 | C14: 0.77 | D14: =B14*C14 -> 0
B15: ='Aliquota 7% FRI'!V1 -> 0 | C15: 0.37 | D15: =B15*C15 -> 0
B16: 0 | C16: 25.21 | D16: =B16*C16 -> 0
B18: Basic. ICMS ST | C18: Aliq% | D18: Vl Icms St 1104
B19: 0 | C19: 0.04 | D19: =B19*C19 -> 0
B21: Total= | C21: =SUM(D8:D16)+D19 -> 0
B23: Legenda: | C23: Descrição:
C24: Aliquota Reduzida
C25: Aliquota Integral
C26: Aliquota Integral (+ 3%) Oriundas do Simples
C27: Retenção ICMS Suíno Cabeça
C28: Retenção ICMS Suíno
C29: Retenção ICMS Bovino Cabeça
C30: Retenção ICMS Bovino
C31: Ajuste ICMS
